,City,Country,Latitude,Longitude,Date,Max Temperature,Humidity Percent,Cloudiness,Wind Speed
0,New Norfolk,AU,-42.78,147.06,1546909200,71.6,46.0,75.0,12.75
1,Sinnai,IT,39.3,9.2,1546910400,53.6,93.0,80.0,4.7
2,Fortuna,ES,38.18,-1.13,1546909200,48.2,87.0,0.0,6.93
3,La Ronge,CA,55.1,-105.3,1546909200,6.8,84.0,90.0,16.11
4,Vaini,IN,15.34,74.49,1546905600,60.8,67.0,0.0,4.7
5,Bay Roberts,CA,47.58,-53.28,1546909200,24.8,73.0,90.0,20.8
6,Khatanga,RU,71.98,102.47,1546910938,-17.45,75.0,36.0,12.68
7,Port Hedland,AU,-20.31,118.58,1546909200,93.2,67.0,0.0,10.29
8,Paramonga,PE,-10.68,-77.82,1546910939,71.03,100.0,0.0,7.76
9,Puerto Ayora,EC,-0.74,-90.35,1546905600,80.6,65.0,20.0,18.34
10,Port-Cartier,CA,50.03,-66.88,1546909200,-2.21,49.0,5.0,15.26
11,Det Udom,TH,14.9,105.08,1546909200,73.4,78.0,0.0,5.82
12,Havoysund,NO,71.0,24.66,1546908600,30.2,92.0,75.0,11.41
13,Coahuayana,MX,18.62,-100.35,1546910940,78.45,42.0,0.0,2.06
14,Chokurdakh,RU,70.62,147.9,1546910683,-31.26,53.0,32.0,2.95
15,Barrow,AR,-38.31,-60.23,1546910941,75.21,44.0,0.0,4.52
16,George,NG,6.63,3.35,1546909200,77.0,94.0,0.0,7.76
17,Ushuaia,AR,-54.81,-68.31,1546909200,42.8,87.0,90.0,4.7
18,Yele,CM,10.73,13.59,1546910942,57.08,38.0,12.0,6.87
19,Westport,IE,53.8,-9.52,1546910689,45.65,97.0,76.0,8.55
20,Boyolangu,ID,-8.09,111.9,1546910942,73.86,94.0,32.0,3.96
21,Qaanaaq,GL,77.48,-69.36,1546910943,-12.32,96.0,8.0,11.68
22,Talnakh,RU,69.49,88.39,1546910710,1.19,69.0,48.0,3.62
23,Nizhniy Odes,RU,63.64,54.86,1546910943,18.02,83.0,92.0,6.76
24,Hilo,US,19.71,-155.08,1546908780,78.98,56.0,1.0,11.41
25,Rikitea,PF,-23.12,-134.97,1546910944,80.57,95.0,48.0,14.58
26,Butaritari,KI,3.07,172.79,1546910944,80.16,100.0,48.0,5.41
27,Lompoc,US,34.64,-120.46,1546908960,60.98,87.0,75.0,6.93
28,Aklavik,CA,68.22,-135.01,1546909200,-22.01,74.0,75.0,2.62
29,East London,ZA,-33.02,27.91,1546910945,72.74,95.0,48.0,17.05
30,Mataura,NZ,-46.19,168.86,1546910668,64.86,59.0,48.0,16.49
31,Airai,TL,-8.93,125.41,1546910945,76.25,81.0,12.0,1.39
32,Mar del Plata,AR,-46.43,-67.52,1546910507,60.95,44.0,24.0,23.42
33,Vila do Maio,CV,15.13,-23.22,1546909200,69.8,28.0,0.0,8.05
34,Albany,US,42.65,-73.75,1546909020,21.92,39.0,90.0,4.7
35,Vanderhoof,CA,54.02,-124.02,1546910946,14.19,62.0,0.0,3.18
36,Naze,NG,5.43,7.07,1546910693,72.6,72.0,0.0,3.51
37,Xining,CN,36.62,101.77,1546910947,4.11,85.0,68.0,2.39
38,Saravan,AM,39.72,45.65,1546909200,32.0,74.0,40.0,9.17
39,Hobart,AU,-42.88,147.33,1546909200,71.6,46.0,75.0,12.75
40,Mandiana,GN,10.62,-8.7,1546910948,64.82,38.0,12.0,5.86
41,Dikson,RU,73.51,80.55,1546910693,-4.13,100.0,56.0,15.93
42,Padang,ID,-0.92,100.36,1546909200,80.6,88.0,75.0,4.7
43,Busselton,AU,-33.64,115.35,1546910949,62.97,100.0,12.0,19.84
44,Methala,IN,10.22,76.22,1546909200,68.0,88.0,20.0,2.24
45,Ixtapa,MX,20.71,-105.21,1546908420,77.0,83.0,40.0,6.93
46,Yushala,RU,57.08,64.26,1546909200,1.4,84.0,0.0,13.42
47,Bluff,AU,-23.58,149.07,1546910950,79.49,66.0,80.0,12.68
48,Mahebourg,MU,-20.41,57.7,1546909200,80.6,83.0,40.0,14.99
49,Cape Town,ZA,-33.93,18.42,1546909200,64.4,82.0,0.0,14.99
50,Punta Arenas,CL,-53.16,-70.91,1546909200,48.2,70.0,75.0,9.17
51,Yatou,CM,3.63,9.81,1546905600,77.0,100.0,40.0,11.9
52,Razdolnaya,RU,45.38,39.56,1546909200,33.8,96.0,40.0,2.24
53,Seymchan,RU,62.93,152.39,1546910951,-21.23,59.0,76.0,3.4
54,Upernavik,GL,72.79,-56.15,1546910952,7.22,100.0,64.0,6.64
55,Formosa,AR,-26.19,-58.17,1546909200,71.6,94.0,90.0,9.17
56,Codrington,AU,-28.95,153.24,1546909200,80.6,61.0,75.0,10.29
57,Saskylakh,RU,71.97,114.09,1546910953,-39.5,0.0,12.0,10.33
58,Vanimo,PG,-2.67,141.3,1546910953,82.95,100.0,44.0,17.16
59,Lavrentiya,RU,65.58,-170.99,1546910484,0.56,95.0,0.0,24.87
60,Hermanus,ZA,-34.42,19.24,1546910954,57.08,96.0,56.0,3.51
61,Coquimbo,CL,-29.95,-71.34,1546909200,62.6,82.0,90.0,9.17
62,Jamestown,AU,-33.21,138.6,1546910955,74.76,65.0,0.0,5.41
63,Aksarka,RU,66.56,67.8,1546910955,-19.07,55.0,8.0,2.17
64,Lebu,ET,8.96,38.73,1546909200,48.2,42.0,0.0,4.7
65,Avarua,CK,-21.21,-159.78,1546909200,80.6,61.0,75.0,10.29
66,Yulara,AU,-25.24,130.99,1546909200,91.4,9.0,0.0,10.29
67,Port Elizabeth,US,39.31,-74.98,1546908900,35.06,74.0,1.0,3.36
68,Plouzane,FR,48.38,-4.62,1546909200,50.0,81.0,90.0,6.93
69,Makakilo City,US,21.35,-158.09,1546909020,82.04,47.0,20.0,9.17
70,Tarnobrzeg,PL,50.57,21.68,1546909200,3.2,84.0,90.0,2.24
71,Mayumba,GA,-3.44,10.65,1546910957,78.54,100.0,88.0,4.18
72,Guerrero Negro,MX,27.97,-114.04,1546910737,68.15,55.0,12.0,2.84
73,Salta,AR,-24.79,-65.41,1546909200,73.4,73.0,75.0,2.17
74,Kipini,KE,-2.53,40.53,1546908960,78.8,93.0,75.0,14.25
75,Zhezkazgan,KZ,47.8,67.71,1546909200,10.4,85.0,90.0,8.95
76,Santa Isabel,CO,4.71,-75.1,1546909200,71.6,100.0,75.0,2.24
77,Bubaque,GW,11.28,-15.83,1546910959,78.36,99.0,88.0,8.21
78,Vao,EE,59.1,26.19,1546910454,30.62,98.0,80.0,5.64
79,Carnarvon,ZA,-30.97,22.13,1546910959,69.95,19.0,64.0,8.43
80,Bethel,US,60.79,-161.76,1546909500,6.98,86.0,90.0,12.75
81,Hamilton,BM,32.3,-64.78,1546908900,60.8,55.0,75.0,18.34
82,Kodiak,US,39.95,-94.76,1546908900,48.2,76.0,1.0,8.05
83,Kapaa,US,22.08,-159.32,1546908960,80.06,62.0,1.0,14.99
84,Leningradskiy,RU,69.38,178.42,1546910961,-8.36,82.0,0.0,21.52
85,Jalu,LY,29.03,21.55,1546910766,42.54,90.0,32.0,3.18
86,Sembakung,ID,3.82,117.25,1546905600,78.8,88.0,75.0,4.7
87,Sarkand,KZ,45.41,79.91,1546910962,-10.29,16.0,0.0,2.84
88,Vestmannaeyjar,IS,63.44,-20.27,1546910399,36.47,100.0,0.0,7.54
89,Namibe,AO,-15.19,12.15,1546910962,72.6,100.0,8.0,7.65
90,Wageningen,NL,51.98,5.66,1546908900,46.4,87.0,20.0,11.41
91,Makokou,GA,0.56,12.85,1546910963,71.07,97.0,12.0,2.17
92,Verkhnevilyuysk,RU,63.45,120.31,1546910963,-13.08,60.0,56.0,2.73
93,Muros,ES,42.77,-9.06,1546909200,39.2,86.0,0.0,2.24
94,Torbay,CA,47.66,-52.73,1546909200,24.8,73.0,90.0,20.8
95,Ubatuba,BR,-23.43,-45.08,1546905600,73.4,73.0,0.0,6.93
96,Ahipara,NZ,-35.17,173.16,1546910672,76.34,67.0,36.0,6.87
97,Hovd,NO,63.83,10.7,1546908600,35.6,80.0,75.0,9.17
98,Havelian,PK,34.05,73.15,1546909200,44.6,87.0,88.0,2.95
99,Bara,NG,10.41,10.6,1546910965,65.72,29.0,0.0,10.78
100,Vardo,US,39.62,-77.74,1546910100,35.6,56.0,1.0,9.17
101,Tezu,IN,27.93,96.16,1546910966,50.19,58.0,8.0,1.83
102,Bandiagara,ML,14.35,-3.61,1546905600,69.8,30.0,0.0,9.22
103,Georgetown,GY,6.8,-58.16,1546909200,80.6,78.0,75.0,13.87
104,Aksu,KZ,52.04,76.93,1546909200,-0.41,91.0,0.0,2.24
105,Nanortalik,GL,60.14,-45.24,1546910967,34.58,90.0,92.0,28.68
106,Tilichiki,RU,60.47,166.1,1546910967,28.28,86.0,68.0,13.24
107,Norman Wells,CA,65.28,-126.83,1546909200,-31.01,73.0,75.0,2.24
108,Sibolga,ID,1.74,98.78,1546910428,68.6,98.0,56.0,2.28
109,Dingle,PH,11.0,122.67,1546910968,76.7,82.0,44.0,17.27
110,Beni,CD,0.49,29.47,1546910968,60.45,96.0,0.0,3.4
111,Port Macquarie,AU,-31.43,152.91,1546909200,84.2,48.0,76.0,10.29
112,Shediac,CA,46.22,-64.55,1546909200,8.6,60.0,20.0,9.17
113,Millinocket,US,45.66,-68.71,1546908960,6.98,79.0,1.0,3.36
114,Bambous Virieux,MU,-20.34,57.76,1546909200,80.6,83.0,40.0,14.99
115,Stanesti,RO,43.92,25.83,1546907400,23.0,100.0,0.0,3.36
116,Tuktoyaktuk,CA,69.44,-133.03,1546909200,-20.21,75.0,75.0,5.82
117,Odienne,CI,9.51,-7.57,1546910970,64.41,52.0,8.0,2.73
118,Thompson,CA,55.74,-97.86,1546909200,15.8,85.0,90.0,10.29
119,Chuy,UY,-33.69,-53.46,1546910691,71.79,79.0,24.0,17.49
120,Tucuman,PE,-17.17,-70.89,1546910971,61.8,75.0,36.0,3.29
121,Selfoss,IS,63.94,-21.0,1546909200,33.8,80.0,40.0,4.7
122,Ribeira Grande,PT,38.52,-28.7,1546910971,64.59,93.0,36.0,24.99
123,Kaitangata,NZ,-46.28,169.85,1546910972,64.77,60.0,24.0,17.83
124,Huaihua,CN,27.56,109.96,1546910972,34.04,99.0,92.0,5.19
125,Nikolskoye,RU,59.7,30.79,1546909200,28.4,92.0,75.0,4.47
126,Santa Rosa,AR,-36.62,-64.29,1546910771,75.44,51.0,24.0,11.9
127,Los Llanos de Aridane,ES,28.66,-17.92,1546909200,62.6,51.0,36.0,10.29
128,Ugoofaaru,MV,5.67,73.0,1546910973,80.97,100.0,44.0,16.49
129,Victoria,BN,5.28,115.24,1546909200,84.2,74.0,75.0,6.93
130,Biak,ID,-0.91,122.88,1546910974,77.69,100.0,68.0,2.84
131,Grand Gaube,MU,-20.01,57.66,1546909200,80.6,83.0,40.0,14.99
132,Constitucion,MX,23.99,-104.67,1546908360,68.0,30.0,20.0,3.36
133,San Juan,PH,14.6,121.03,1546909200,80.6,69.0,20.0,6.93
134,Bredasdorp,ZA,-34.53,20.04,1546909200,69.8,68.0,56.0,3.36
135,Petropavlovsk-Kamchatskiy,RU,53.05,158.65,1546909200,28.4,50.0,68.0,22.37
136,Pestravka,RU,52.4,49.95,1546910975,-3.41,76.0,44.0,3.29
137,Mvomero,TZ,-6.3,37.45,1546905600,75.2,83.0,40.0,2.73
138,Saint-Augustin,FR,44.83,-0.61,1546909200,41.0,100.0,90.0,3.36
139,Severo-Kurilsk,RU,50.68,156.12,1546910977,27.74,100.0,64.0,23.31
140,Neiafu,TO,-18.65,-173.98,1546909200,84.2,89.0,75.0,10.29
141,Saint-Philippe,CA,45.36,-73.48,1546909200,12.2,60.0,90.0,8.05
142,Lazaro Cardenas,MX,28.39,-105.62,1546908120,57.2,47.0,40.0,11.41
143,Roald,NO,62.58,6.12,1546908600,41.0,75.0,64.0,21.92
144,Evensk,RU,61.92,159.24,1546910978,22.29,93.0,64.0,27.22
145,Lekoni,GA,-1.58,14.26,1546910978,69.14,93.0,76.0,3.18
146,Ostrovnoy,RU,68.05,39.51,1546910979,23.19,96.0,92.0,4.97
147,Qasigiannguit,GL,68.82,-51.19,1546908600,15.8,78.0,56.0,8.05
148,Cochrane,CL,-47.25,-72.57,1546910979,39.75,70.0,0.0,7.43
149,Hofn,IS,64.25,-15.21,1546910979,36.29,100.0,8.0,6.53
150,Salym,RU,60.06,71.48,1546910980,13.74,74.0,80.0,6.2
151,Meadville,US,41.64,-80.15,1546908960,44.06,75.0,90.0,4.7
152,Nalut,LY,31.86,10.98,1546910980,33.45,85.0,12.0,2.84
153,Requena,ES,39.49,-1.1,1546909200,41.0,93.0,0.0,4.7
154,Nemuro,JP,43.32,145.57,1546909200,21.2,57.0,20.0,11.41
155,Eregli,TR,37.51,34.05,1546910981,17.93,75.0,44.0,2.62
156,Sao Joao da Barra,BR,-21.64,-41.05,1546910546,79.35,98.0,44.0,25.55
157,Toora-Khem,RU,52.47,96.11,1546910982,-25.01,32.0,0.0,2.17
158,Komsomolskiy,RU,67.55,63.78,1546910982,-15.33,67.0,24.0,5.41
159,Hervey Bay,AU,-25.3,152.85,1546909200,86.0,55.0,75.0,17.22
160,Iqaluit,CA,63.75,-68.52,1546909200,-27.41,67.0,20.0,2.24
161,Upington,ZA,-28.46,21.24,1546909200,77.0,36.0,0.0,3.36
162,Cayenne,GF,4.94,-52.33,1546909200,78.8,74.0,0.0,8.05
163,Hobyo,SO,5.35,48.53,1546910983,76.29,84.0,88.0,16.6
164,Burnie,AU,-41.05,145.91,1546910983,62.52,100.0,56.0,8.21
165,Lagoa,PT,37.14,-8.45,1546907400,42.8,87.0,0.0,5.82
166,Arraial do Cabo,BR,-22.97,-42.02,1546910984,79.22,78.0,8.0,23.87
167,Sungaipenuh,ID,-2.08,101.38,1546910984,67.11,97.0,80.0,1.16
168,Ambilobe,MG,-13.19,49.05,1546910705,71.61,94.0,20.0,0.72
169,Kirovskiy,RU,45.09,133.51,1546910985,-13.4,61.0,0.0,3.18
170,Hithadhoo,MV,-0.6,73.08,1546910985,82.19,100.0,48.0,8.43
171,Lappeenranta,FI,61.06,28.19,1546910400,28.4,100.0,90.0,4.7
172,Garowe,SO,8.41,48.48,1546910986,59.91,84.0,0.0,6.87
173,San Quintin,PH,17.54,120.52,1546910986,66.8,76.0,0.0,4.18
174,Lithakia,GR,37.72,20.83,1546910400,28.4,74.0,64.0,3.36
175,Nakamura,JP,35.17,136.87,1546909200,44.6,70.0,75.0,5.82
176,Bowen,AU,-20.01,148.25,1546909200,78.8,74.0,90.0,12.75
177,Beira,ES,43.2,-8.36,1546909200,37.4,91.0,0.0,6.93
178,Manaquiri,BR,-3.43,-60.46,1546909200,77.0,94.0,40.0,1.12
179,Port Lincoln,AU,-34.72,135.86,1546910988,65.76,91.0,32.0,9.78
180,Sechura,PE,-5.56,-80.82,1546910735,76.2,77.0,48.0,8.43
181,Kavieng,PG,-2.57,150.8,1546910988,84.57,99.0,76.0,11.34
182,Champerico,MX,16.38,-93.6,1546908360,75.2,69.0,40.0,17.22
183,Somerset,US,37.09,-84.6,1546908960,62.6,41.0,90.0,9.17
184,Tura,IN,25.52,90.21,1546910989,48.35,79.0,0.0,1.61
185,Thanatpin,MM,17.29,96.58,1546909200,69.8,94.0,90.0,3.36
186,Nishihara,JP,35.74,139.53,1546909200,42.8,51.0,75.0,3.36
187,Eyl,SO,7.98,49.82,1546910711,72.74,100.0,92.0,16.04
188,Shache,CN,38.42,77.24,1546910990,17.03,88.0,88.0,3.29
189,Comodoro Rivadavia,AR,-45.87,-67.48,1546909200,60.8,31.0,40.0,19.46
190,Ligayan,PH,4.65,119.47,1546910991,81.6,100.0,20.0,10.11
191,Clinton,US,30.87,-91.02,1546908960,64.4,77.0,1.0,5.82
192,Portland,US,45.52,-122.67,1546908780,44.06,82.0,75.0,6.93
193,Luderitz,NA,-26.65,15.16,1546910992,59.15,91.0,8.0,13.8
194,San Patricio,PY,-26.98,-56.83,1546910993,76.97,95.0,92.0,3.62
195,Oga,NG,8.18,5.65,1546910993,67.74,60.0,48.0,1.5
196,Yellowknife,CA,62.45,-114.38,1546909200,-23.81,74.0,40.0,6.93
197,Kununurra,AU,-15.77,128.74,1546909200,93.2,59.0,0.0,3.36
198,Cidreira,BR,-30.17,-50.22,1546910706,84.44,67.0,44.0,14.81
199,Tripoli,GR,37.51,22.37,1546910794,22.34,90.0,68.0,2.39
200,Tarakan,ID,3.3,117.63,1546905600,78.8,88.0,75.0,4.7
201,Dunedin,NZ,-45.87,170.5,1546910922,66.35,72.0,8.0,3.18
202,Axim,GH,4.87,-2.24,1546910995,80.84,100.0,32.0,7.65
203,Atuona,PF,-9.8,-139.03,1546910996,81.47,100.0,92.0,15.48
204,Narsaq,GL,60.91,-46.05,1546910466,33.05,87.0,92.0,14.36
205,Ahmadpur,IN,18.7,76.94,1546910996,46.37,69.0,0.0,5.19
206,Banda Aceh,ID,5.56,95.32,1546910997,72.92,100.0,0.0,1.95
207,Tevaitoa,PF,-16.78,-151.5,1546910997,82.64,100.0,92.0,9.1
208,Cap Malheureux,MU,-19.98,57.61,1546909200,80.6,83.0,40.0,14.99
209,Aitape,PG,-3.15,142.36,1546910997,82.82,88.0,48.0,11.45
210,Tatui,BR,-23.36,-47.86,1546910998,77.46,62.0,12.0,5.53
211,Brezovo,BG,42.86,24.31,1546909200,12.2,85.0,5.0,4.7
212,Margate,AU,-43.03,147.26,1546909200,71.6,46.0,75.0,12.75
213,Zlobin,HR,45.29,14.65,1546909200,39.2,69.0,0.0,3.36
214,Saldanha,PT,41.42,-6.55,1546910999,19.86,80.0,0.0,3.74
215,Ko Samui,TH,9.54,99.94,1546909200,84.2,74.0,20.0,9.17
216,Port Alfred,ZA,-33.59,26.89,1546910999,71.07,89.0,88.0,11.23
217,Abong Mbang,CM,3.98,13.18,1546910999,66.08,86.0,0.0,2.17
218,Santa Luzia,BR,-19.77,-43.85,1546909200,77.0,64.0,0.0,2.24
219,Altay,CN,47.83,88.13,1546911001,-20.27,24.0,0.0,2.13
220,Khor,RU,47.88,134.96,1546911002,1.92,69.0,0.0,10.4
221,Mulchen,CL,-37.72,-72.23,1546911003,51.91,80.0,92.0,8.39
222,Itaituba,BR,-4.26,-55.99,1546911088,77.56,86.0,68.0,3.36
223,Sai Buri,TH,6.7,101.62,1546909200,82.4,78.0,40.0,10.29
224,Kemi,FI,65.74,24.56,1546910400,6.8,84.0,0.0,2.24
225,Poya,NC,-21.35,165.16,1546911006,76.98,96.0,20.0,21.7
226,Byron Bay,AU,-28.65,153.62,1546909200,82.4,65.0,40.0,13.87
227,Susanville,US,40.42,-120.65,1546908900,39.2,80.0,1.0,6.93
228,Tigil,RU,57.8,158.67,1546911007,5.83,87.0,88.0,5.14
229,Serafimovich,RU,49.58,42.73,1546911008,9.93,89.0,68.0,5.14
230,Pevek,RU,69.7,170.27,1546911008,-17.39,76.0,0.0,5.37
231,Christchurch,NZ,-43.53,172.64,1546909200,71.6,60.0,92.0,11.41
232,Mosquera,CO,4.71,-74.23,1546909200,55.4,87.0,40.0,2.24
233,Esperance,TT,10.24,-61.45,1546909200,77.0,83.0,20.0,5.82
234,Tuatapere,NZ,-46.13,167.69,1546911009,63.12,76.0,0.0,11.41
235,Canutama,BR,-6.53,-64.38,1546911094,76.66,94.0,36.0,2.13
236,Nyrob,RU,60.74,56.73,1546911010,13.17,86.0,92.0,13.53
237,Klaksvik,FO,62.23,-6.59,1546908600,37.4,69.0,44.0,26.4
238,Dukat,RS,42.44,22.31,1546911012,2.1,79.0,0.0,1.57
239,Mombasa,KE,-4.05,39.67,1546909200,77.0,94.0,75.0,9.95
240,Caravelas,BR,-17.73,-39.27,1546911013,79.77,100.0,24.0,14.76
241,Mahon,IE,51.89,-8.4,1546909200,48.2,100.0,75.0,12.75
242,Pangnirtung,CA,66.15,-65.72,1546910474,-25.23,38.0,8.0,6.76
243,Akashi,JP,34.68,134.95,1546909200,50.0,53.0,75.0,9.17
244,Hun,BE,50.34,4.87,1546910400,48.2,93.0,75.0,13.87
245,Kaoma,ZM,-14.8,24.8,1546911014,64.56,96.0,44.0,5.93
246,Gorontalo,ID,0.54,123.06,1546911015,83.82,75.0,32.0,2.68
247,Tondano,ID,1.3,124.91,1546909200,82.4,78.0,40.0,6.93
248,Pisco,PE,-13.71,-76.2,1546909200,73.4,88.0,0.0,13.87
249,Turukhansk,RU,65.8,87.96,1546911016,7.95,79.0,56.0,10.07
250,Batemans Bay,AU,-35.71,150.18,1546911016,75.63,83.0,56.0,5.59
251,Yerbogachen,RU,61.28,108.01,1546911017,7.59,80.0,68.0,6.49
252,Ponta do Sol,BR,-20.63,-46.0,1546910356,74.27,66.0,0.0,5.64
253,Poum,MK,41.28,20.71,1546910555,-7.86,56.0,0.0,1.72
254,Havre-Saint-Pierre,CA,50.23,-63.6,1546909200,5.0,54.0,20.0,9.17
255,College,US,64.86,-147.8,1546909080,-35.51,67.0,20.0,3.4
256,Hami,CN,42.84,93.51,1546911018,3.76,51.0,0.0,2.01
257,Talcahuano,CL,-36.72,-73.12,1546909200,60.8,77.0,75.0,6.93
258,Tiksi,RU,71.64,128.87,1546911019,-29.32,47.0,24.0,2.68
259,Manta,RO,45.1,24.1,1546910495,0.92,60.0,0.0,2.62
260,Flinders,AU,-34.58,150.85,1546909200,75.2,83.0,56.0,4.36
261,Libourne,FR,44.91,-0.24,1546909200,41.0,100.0,90.0,3.36
262,Paracuru,BR,-3.41,-39.03,1546909200,78.8,88.0,20.0,3.36
263,Yar-Sale,RU,66.83,70.83,1546911020,-12.76,79.0,8.0,11.63
264,Flin Flon,CA,54.77,-101.88,1546905600,14.0,85.0,90.0,13.87
265,Oriximina,BR,-1.77,-55.87,1546911021,78.01,90.0,76.0,4.14
266,Petatlan,MX,17.52,-101.27,1546908060,82.4,74.0,75.0,3.36
267,Mehamn,NO,71.03,27.85,1546911022,27.75,86.0,56.0,8.39
268,Nuuk,GL,64.17,-51.74,1546911022,17.49,100.0,92.0,5.59
269,Mbandaka,CD,0.05,18.26,1546911022,71.98,99.0,12.0,2.35
270,Sanford,US,35.48,-79.18,1546909500,50.36,73.0,75.0,3.36
271,Naryan-Mar,RU,67.67,53.09,1546910783,0.2,63.0,24.0,13.13
272,Uvat,RU,59.14,68.9,1546911023,12.81,78.0,92.0,6.38
273,Pacific Grove,US,36.62,-121.92,1546909200,60.08,80.0,20.0,6.93
274,Koslan,RU,63.46,48.9,1546911024,24.24,92.0,88.0,7.94
275,Tanout,NE,14.97,8.88,1546911024,50.43,49.0,56.0,10.63
276,Kurilsk,RU,45.23,147.88,1546911024,27.25,100.0,76.0,10.07
277,Tshela,CD,-4.99,12.94,1546911025,72.57,98.0,92.0,3.13
278,Amahai,ID,-3.31,129.0,1546910457,83.18,100.0,0.0,6.2
279,Grindavik,IS,63.84,-22.43,1546909200,33.8,86.0,75.0,3.36
280,Comlosu Mare,RO,45.89,20.63,1546908300,12.2,92.0,8.0,4.7
281,Nara,JP,34.68,135.8,1546909200,50.0,66.0,75.0,3.36
282,Clyde River,CA,70.47,-68.59,1546909560,-13.01,83.0,90.0,16.11
283,Cherskiy,RU,68.75,161.3,1546911026,-18.02,26.0,0.0,5.93
284,Cabo San Lucas,MX,22.89,-109.91,1546908480,71.6,83.0,40.0,6.93
285,Baykit,RU,61.68,96.39,1546910439,5.1,79.0,64.0,6.31
286,Edgewater,US,28.99,-80.9,1546908960,64.04,93.0,1.0,5.37
287,Zaraza,VE,9.35,-65.33,1546911028,76.26,80.0,36.0,10.18
288,Batagay,RU,67.65,134.64,1546911028,-53.71,0.0,12.0,2.91
289,Avanigadda,IN,16.02,80.92,1546909200,64.4,93.0,0.0,5.37
290,Sorong,ID,-0.86,131.25,1546911028,82.83,100.0,32.0,11.18
291,Jonesboro,US,35.84,-90.7,1546910220,59.0,96.0,90.0,11.41
292,Atocha,EC,-1.22,-78.6,1546911029,46.02,95.0,92.0,0.67
293,Iquique,CL,-20.22,-70.14,1546909200,71.6,73.0,0.0,14.99
294,Hasaki,JP,35.73,140.83,1546909200,42.8,48.0,75.0,3.36
295,Kieta,PG,-6.22,155.63,1546910500,83.09,97.0,64.0,4.07
296,Ola,RU,59.58,151.3,1546910662,-0.53,100.0,88.0,13.02
297,Jawhar,IN,19.91,73.23,1546911030,54.93,72.0,0.0,4.36
298,Necochea,AR,-38.55,-58.74,1546911031,63.3,92.0,0.0,3.13
299,Walvis Bay,NA,-22.95,14.51,1546909200,59.0,87.0,44.0,2.24
300,Espinosa,BR,-14.92,-42.81,1546911031,72.39,71.0,76.0,7.05
301,Talaya,RU,55.79,84.89,1546909200,14.0,85.0,75.0,13.42
302,North Bend,US,43.41,-124.22,1546908960,46.04,73.0,75.0,10.29
303,Norfolk,US,36.85,-76.29,1546910100,44.06,72.0,75.0,3.36
304,Rognan,NO,67.1,15.4,1546908600,35.6,80.0,75.0,19.46
305,Morgan City,US,29.7,-91.21,1546908960,61.34,89.0,1.0,4.7
306,Gazanjyk,TM,39.24,55.52,1546911033,38.19,95.0,20.0,8.39
307,Humberto de Campos,BR,-2.6,-43.46,1546911033,78.96,100.0,92.0,10.51
308,Saint-Pierre,FR,48.95,4.24,1546909200,46.4,100.0,90.0,18.34
309,Kavaratti,IN,10.57,72.64,1546911034,81.39,100.0,0.0,7.27
310,Isangel,VU,-19.55,169.27,1546911035,77.52,100.0,64.0,17.0
311,Kyren,RU,51.68,102.13,1546911035,-16.4,40.0,24.0,2.68
312,Macclesfield,GB,53.26,-2.13,1546908600,48.2,75.0,40.0,13.87
313,Beyneu,KZ,45.32,55.19,1546911035,24.73,94.0,92.0,8.61
314,Mach,PK,29.87,67.33,1546911036,25.18,81.0,0.0,2.01
315,Nome,US,30.04,-94.42,1546910100,64.4,80.0,75.0,3.36
316,Coracora,PE,-15.02,-73.78,1546911036,32.11,82.0,8.0,1.45
317,Kahului,US,20.89,-156.47,1546908960,78.98,60.0,75.0,18.34
318,Nelson Bay,AU,-32.72,152.14,1546909200,84.2,48.0,75.0,8.05
319,Katherine,AU,-14.47,132.26,1546909200,89.6,62.0,0.0,8.05
320,Tanete,ID,-3.94,119.78,1546911037,88.0,78.0,24.0,4.25
321,Katsuura,JP,33.93,134.5,1546909200,46.4,65.0,75.0,5.82
322,Eureka,US,40.8,-124.16,1546908900,51.98,100.0,90.0,18.34
323,Chumikan,RU,54.72,135.31,1546911038,-5.74,56.0,0.0,14.32
324,Luwingu,ZM,-10.26,29.92,1546911038,63.57,97.0,68.0,5.26
325,Mamit,IN,23.92,92.49,1546911038,64.83,74.0,0.0,2.57
326,Ca Mau,VN,9.18,105.15,1546911039,79.36,94.0,36.0,14.2
327,Vitali,PH,7.37,122.29,1546905600,82.4,65.0,20.0,6.93
328,Mareeba,AU,-16.99,145.42,1546909200,86.0,66.0,75.0,10.29
329,San Jeronimo,PE,-13.65,-73.37,1546911040,44.58,98.0,80.0,1.45
330,Montrose,AU,-37.81,145.34,1546909680,73.4,60.0,32.0,8.05
331,Taganak,PH,6.08,118.3,1546909200,80.6,88.0,75.0,3.36
332,Khao Yoi,TH,13.24,99.82,1546909200,78.8,88.0,40.0,3.36
333,Geraldton,CA,49.72,-86.95,1546909200,23.0,92.0,90.0,5.82
334,Helsinki,FI,60.17,24.94,1546910400,30.2,100.0,90.0,4.7
335,Iskateley,RU,67.68,53.15,1546911042,-4.34,53.0,12.0,11.18
336,Sherlovaya Gora,RU,50.53,116.31,1546911042,-10.6,67.0,0.0,7.38
337,Marsa Matruh,EG,31.35,27.25,1546911042,47.23,77.0,0.0,16.44
338,Lorengau,PG,-2.02,147.27,1546911042,85.53,93.0,36.0,14.65
339,Quatre Cocos,MU,-20.21,57.76,1546909200,80.6,83.0,40.0,14.99
340,Mercedes,UY,-33.25,-58.03,1546911043,65.95,93.0,0.0,9.28
341,Nantucket,US,41.28,-70.1,1546908960,26.96,59.0,1.0,5.82
342,Ozinki,RU,51.2,49.73,1546911043,-4.79,68.0,12.0,5.37
343,Laguna,MX,27.52,-110.01,1546908000,68.0,72.0,75.0,9.17
344,Puerto Escondido,MX,15.86,-97.07,1546911044,79.95,100.0,24.0,3.58
345,Rio Grande,BR,-32.03,-52.1,1546911044,73.96,92.0,20.0,11.63
346,Sterling,US,39.0,-77.4,1546910100,37.94,74.0,1.0,12.75
347,Okhotsk,RU,59.36,143.24,1546911045,-10.42,100.0,80.0,7.72
348,Port Blair,IN,11.67,92.75,1546911045,82.11,100.0,56.0,8.39
349,Santa Cruz de Tenerife,ES,28.47,-16.25,1546909200,62.6,51.0,0.0,16.11
350,Kopavogur,IS,64.11,-21.91,1546909200,33.8,80.0,40.0,4.7
351,Mugumu,TZ,-1.84,34.67,1546911046,56.37,96.0,8.0,2.57
352,Ponta Delgada,PT,37.73,-25.67,1546907400,62.6,88.0,40.0,13.87
353,Longyearbyen,NO,78.22,15.63,1546908600,21.2,73.0,40.0,38.03
354,Fomboni,KM,-12.28,43.74,1546911046,84.27,100.0,8.0,11.97
355,Cuiluan,CN,47.72,128.65,1546911047,-2.27,58.0,0.0,4.59
356,Okha,RU,53.59,142.95,1546910578,4.7,86.0,36.0,17.72
357,Morondava,MG,-20.3,44.28,1546911047,77.83,100.0,24.0,2.68
358,Nenjiang,CN,49.17,125.23,1546911047,-0.29,43.0,0.0,4.7
359,Smithers,CA,54.78,-127.17,1546909200,12.2,92.0,75.0,1.9
360,Brigantine,US,39.41,-74.36,1546908960,35.06,69.0,1.0,3.36
361,Kefamenanu,ID,-9.45,124.48,1546911048,85.08,64.0,12.0,2.01
362,Gat,SN,14.69,-16.54,1546909200,68.0,49.0,44.0,8.05
363,Castro,CL,-42.48,-73.76,1546909200,46.4,81.0,20.0,5.82
364,Poshekhonye,RU,58.5,39.12,1546911049,21.0,87.0,92.0,10.18
365,Tasiilaq,GL,65.61,-37.64,1546908600,23.0,57.0,88.0,20.8
366,Buala,SB,-8.15,159.59,1546911050,83.46,93.0,32.0,6.82
367,Henties Bay,NA,-22.12,14.28,1546911050,62.26,100.0,88.0,0.45
368,Solwezi,ZM,-12.18,26.4,1546911050,65.05,98.0,92.0,6.82
369,San Policarpo,PH,12.18,125.51,1546911051,80.98,88.0,24.0,17.45
370,Borazjan,IR,29.27,51.21,1546909200,62.6,82.0,75.0,11.41
371,Arnedo,ES,42.23,-2.1,1546909200,37.4,73.0,0.0,11.41
372,Red Bluff,US,40.18,-122.24,1546908840,48.02,86.0,90.0,4.7
373,Svetlaya,RU,46.54,138.33,1546911052,13.98,100.0,0.0,8.39
374,Cockburn Town,TC,21.46,-71.14,1546911052,78.78,100.0,0.0,16.67
375,Sumbe,AO,-11.2,13.84,1546911052,76.48,100.0,92.0,1.9
376,Tikapur,NP,28.53,81.12,1546911053,43.9,67.0,0.0,2.68
377,Yeppoon,AU,-23.13,150.74,1546909200,78.8,78.0,75.0,10.29
378,Gwadar,PK,25.12,62.33,1546911053,62.35,99.0,0.0,3.8
379,Starosubkhangulovo,RU,53.1,57.43,1546911054,-4.03,85.0,32.0,2.91
380,Bure,NG,10.52,10.33,1546911055,57.81,40.0,20.0,9.73
381,Port Hardy,CA,50.7,-127.42,1546909200,35.6,74.0,20.0,10.29
382,Bani Walid,LY,31.76,14.0,1546911056,43.5,88.0,24.0,6.26
383,Vila Franca do Campo,PT,37.72,-25.43,1546907400,62.6,88.0,40.0,13.87
384,Provideniya,RU,64.42,-173.23,1546911056,2.28,100.0,0.0,31.32
385,Inhambane,MZ,-23.87,35.38,1546911057,68.79,100.0,0.0,3.47
386,Soyo,AO,-6.13,12.37,1546911057,76.75,95.0,92.0,1.12
387,Changying,CN,52.87,123.32,1546911057,0.7,49.0,0.0,9.73
388,Kresek,ID,-6.13,106.38,1546909200,84.2,70.0,40.0,2.24
389,Mahina,ML,13.76,-10.85,1546911058,65.68,45.0,92.0,6.6
390,Teya,MX,21.05,-89.07,1546908600,73.4,60.0,5.0,11.41
391,San Jose,PH,15.79,120.99,1546910991,72.74,80.0,68.0,4.18
392,Soria,ES,41.76,-2.46,1546911060,13.48,73.0,0.0,2.35
393,Lasa,CY,34.92,32.53,1546909200,46.4,81.0,75.0,6.93
394,Malaya Vishera,RU,58.85,32.22,1546911060,25.81,92.0,92.0,6.6
395,Darhan,MN,49.49,105.92,1546911060,7.36,42.0,0.0,10.74
396,Fairbanks,US,64.84,-147.72,1546909080,-35.51,67.0,20.0,3.02
397,Adeje,NG,5.68,5.76,1546911061,76.03,89.0,0.0,7.61
398,Udachnyy,RU,66.42,112.4,1546911061,-9.25,63.0,68.0,3.91
399,Souillac,FR,45.6,-0.6,1546909200,42.8,100.0,90.0,3.36
400,Vostok,RU,46.45,135.83,1546911062,-0.2,61.0,44.0,3.02
401,Abha,SA,18.22,42.5,1546905600,51.8,66.0,0.0,4.7
402,Porto Torres,IT,40.84,8.4,1546910400,41.0,93.0,20.0,1.12
403,Nouadhibou,MR,20.93,-17.03,1546905600,62.6,51.0,0.0,12.75
404,Gwanda,ZW,-20.94,29.0,1546911063,64.38,95.0,0.0,6.15
405,Kalga,RU,50.92,118.9,1546911063,-4.25,49.0,0.0,6.38
406,Russell,AR,-33.01,-68.8,1546911064,52.05,77.0,0.0,2.46
407,Sangar,RU,63.92,127.47,1546911064,-36.2,68.0,0.0,3.36
408,Howard Springs,AU,-12.5,131.05,1546909200,89.6,62.0,40.0,12.75
409,Benguela,AO,-12.58,13.4,1546911065,75.27,100.0,56.0,5.14
410,Port-Gentil,GA,-0.72,8.78,1546911065,78.55,100.0,56.0,5.7
411,Amga,RU,60.89,131.98,1546911065,-15.95,68.0,24.0,2.68
412,Pinar del Rio,CU,22.42,-83.7,1546910950,75.84,77.0,0.0,5.41
413,Denpasar,ID,-8.65,115.22,1546909200,84.2,79.0,20.0,5.82
414,Swan Hill,AU,-35.34,143.56,1546911066,80.53,75.0,0.0,9.4
415,Daru,SL,7.99,-10.85,1546911067,69.78,65.0,76.0,3.36
416,Road Town,VG,18.42,-64.62,1546909200,78.8,69.0,40.0,11.41
417,Pokhara,NP,28.21,83.99,1546911067,40.53,59.0,0.0,3.24
418,Ahuimanu,US,21.44,-157.84,1546909020,82.04,64.0,20.0,11.41
419,Poiana Mare,RO,43.92,23.06,1546911068,17.58,100.0,0.0,10.29
420,Shenjiamen,CN,29.96,122.3,1546911068,49.71,100.0,88.0,18.79
421,Kovylkino,RU,54.04,43.91,1546911069,6.01,81.0,48.0,9.4
422,Xai-Xai,MZ,-25.04,33.64,1546911069,72.43,100.0,88.0,3.47
423,Luchenza,MW,-16.01,35.31,1546911069,68.16,98.0,92.0,1.57
424,Labuhan,ID,-2.54,115.51,1546910516,76.02,91.0,92.0,2.95
425,Amuntai,ID,-2.42,115.25,1546911070,75.36,97.0,92.0,2.91
426,Apartado,CO,7.88,-76.63,1546909200,78.8,88.0,40.0,9.17
427,Sao Filipe,CV,14.9,-24.5,1546911070,73.15,95.0,0.0,9.62
428,Karratha,AU,-20.74,116.85,1546911071,106.18,21.0,0.0,8.5
429,Xacmaz,AZ,41.46,48.81,1546911071,25.0,100.0,32.0,1.9
430,Half Moon Bay,US,37.46,-122.43,1546909200,62.6,87.0,75.0,13.02
431,Bahce,TR,37.2,36.58,1546911071,30.0,93.0,56.0,1.9
432,Brae,GB,60.4,-1.35,1546910400,44.6,87.0,24.0,31.09
433,Chincha Alta,PE,-13.42,-76.13,1546909200,73.4,88.0,0.0,13.87
434,Tomatlan,MX,19.93,-105.25,1546911072,65.41,89.0,0.0,0.67
435,Razdolinsk,RU,58.42,94.62,1546910784,15.72,77.0,76.0,9.1
436,Prieska,ZA,-29.67,22.74,1546911073,74.19,25.0,80.0,5.26
437,Te Anau,NZ,-45.41,167.72,1546910802,63.2,56.0,0.0,5.75
438,Mazatlan,MX,23.22,-106.42,1546908240,73.4,78.0,20.0,8.05
439,Helena,US,46.59,-112.04,1546908780,32.0,39.0,1.0,19.46
440,Kidal,ML,18.44,1.41,1546911074,47.86,43.0,20.0,8.61
441,Arman,RU,59.7,150.17,1546911074,-2.27,68.0,64.0,3.36
442,Xilitla,MX,21.39,-98.99,1546911074,66.63,89.0,80.0,2.68
443,Acapulco,MX,16.86,-99.88,1546908000,80.6,78.0,90.0,4.7
444,Gimli,CA,50.63,-96.99,1546910974,25.49,84.0,0.0,16.49
445,Manaus,BR,-3.13,-59.98,1546909200,77.0,94.0,40.0,1.12
446,Kerouane,GN,12.23,-12.34,1546911076,61.9,60.0,88.0,2.35
447,Vaitape,PF,-16.52,-151.75,1546911076,82.65,100.0,100.0,8.16
448,Launceston,AU,-41.43,147.14,1546909200,69.8,52.0,80.0,18.34
449,San Felipe,CL,-32.75,-70.73,1546911077,51.15,91.0,0.0,0.56
450,Partizanskoye,UA,44.83,34.08,1546911077,21.76,95.0,88.0,2.68
451,Lata,IN,30.78,78.62,1546911077,29.1,69.0,32.0,2.35
452,Maku,IR,39.29,44.45,1546908660,26.6,68.0,0.0,2.57
453,Huilong,CN,28.89,110.18,1546911078,34.41,98.0,92.0,3.24
454,Spearfish,US,44.49,-103.86,1546910100,33.8,74.0,90.0,23.04
455,Saint-Joseph,FR,43.56,6.97,1546909200,37.4,64.0,0.0,3.36
456,Hailey,US,43.52,-114.32,1546905300,24.8,53.0,5.0,2.8
457,Thunder Bay,CA,48.41,-89.26,1546909200,32.0,88.0,90.0,4.7
458,Guarapari,BR,-20.67,-40.5,1546909200,78.8,83.0,0.0,10.29
459,Hoquiam,US,46.98,-123.89,1546908780,42.98,85.0,1.0,6.93
460,Bilibino,RU,68.06,166.44,1546911080,5.65,55.0,0.0,8.61
461,Kangalassy,RU,62.35,129.97,1546909200,-49.01,63.0,20.0,4.47
462,Macenta,GN,8.55,-9.47,1546911081,64.15,48.0,32.0,3.13
463,Paralimni,GR,40.99,23.67,1546911081,1.74,100.0,0.0,2.57
464,Kalemie,CD,-5.95,29.2,1546911082,71.67,100.0,36.0,5.59
465,Warrensburg,US,38.76,-93.74,1546910100,54.68,53.0,1.0,10.29
466,Goya,AR,-29.14,-59.27,1546911082,69.42,94.0,0.0,3.58
467,Faya,SA,18.39,42.45,1546905600,51.8,72.0,0.0,4.7
468,Yaan,NG,7.38,8.57,1546911083,67.93,36.0,32.0,7.61
469,Alofi,NU,-19.06,-169.92,1546911083,77.25,100.0,92.0,9.17
470,Ginir,ET,7.14,40.71,1546911083,43.05,62.0,0.0,2.57
471,Mayo,CA,63.59,-135.9,1546909200,-27.41,67.0,75.0,2.57
472,Richards Bay,ZA,-28.77,32.06,1546911084,66.36,94.0,76.0,6.71
473,Kryve Ozero,UA,47.95,30.35,1546911084,14.38,84.0,48.0,9.17
474,Kendari,ID,-3.99,122.52,1546911084,86.56,79.0,32.0,3.36
475,Kamakhyanagar,IN,20.93,85.54,1546911085,64.96,78.0,0.0,4.03
476,Maningrida,AU,-12.05,134.23,1546910786,88.71,84.0,0.0,3.51
477,Saint Anthony,US,43.97,-111.68,1546908960,24.98,71.0,1.0,17.22
478,Bulancak,TR,40.94,38.23,1546908600,42.8,100.0,75.0,5.82
479,Kruisfontein,ZA,-34.0,24.73,1546910459,64.28,93.0,76.0,8.99
480,Silver City,US,32.77,-108.28,1546910100,40.64,71.0,1.0,10.29
481,Assiniboia,CA,49.63,-105.99,1546911086,16.95,69.0,64.0,21.81
482,Mezen,RU,65.85,44.24,1546911087,14.56,88.0,36.0,4.81
483,Sesori,SV,13.72,-88.36,1546911087,67.44,82.0,12.0,2.13
484,Hare Bay,CA,48.86,-53.99,1546909200,19.4,73.0,90.0,20.8
485,Rocha,UY,-34.48,-54.34,1546911087,63.25,96.0,0.0,4.03
486,Kawalu,ID,-7.38,108.21,1546911088,76.89,84.0,36.0,2.91
487,Umm Lajj,SA,25.02,37.27,1546911088,53.13,100.0,76.0,7.27
488,Kandete,TZ,-9.15,33.8,1546911088,59.07,96.0,68.0,1.12
489,Saint George,GR,39.45,22.34,1546908600,41.0,32.0,20.0,2.68
490,Trzebnica,PL,51.31,17.06,1546909200,35.6,80.0,75.0,5.82
491,San Cristobal,EC,-0.39,-78.55,1546909200,53.6,100.0,75.0,3.36
492,Ancud,CL,-41.87,-73.83,1546909200,46.4,81.0,20.0,5.82
493,Srandakan,ID,-7.94,110.25,1546911090,84.54,82.0,24.0,4.25
494,Pueblo Nuevo,MX,23.99,-106.96,1546911091,75.9,65.0,64.0,4.25
495,Teguldet,RU,57.31,88.17,1546910640,13.02,70.0,68.0,10.22
496,Sesimbra,PT,38.45,-9.1,1546909200,50.0,100.0,0.0,4.7
497,Zhanaozen,KZ,43.35,52.85,1546911092,25.95,78.0,80.0,5.93
498,Husavik,CA,50.56,-96.99,1546911092,21.99,82.0,0.0,17.34
499,Santa Maria,BR,-29.69,-53.81,1546911093,73.02,96.0,92.0,10.07
500,Qaqortoq,GL,60.72,-46.03,1546911093,36.93,82.0,88.0,27.18
501,Lengshuijiang,CN,27.66,111.45,1546911093,36.3,99.0,100.0,4.7
502,Marawi,PH,8.0,124.29,1546911094,84.76,48.0,0.0,3.58
503,Turinsk,RU,58.04,63.7,1546911094,7.63,75.0,36.0,6.6
504,Izumo,JP,35.37,132.75,1546909200,50.0,53.0,75.0,10.29
505,Sitka,US,37.17,-99.65,1546911095,43.81,35.0,0.0,9.28
506,Murray Bridge,AU,-35.12,139.28,1546911095,70.5,81.0,0.0,11.86
507,Kutum,SD,14.2,24.66,1546911095,48.9,32.0,0.0,8.84
508,Coaticook,CA,45.13,-71.8,1546910100,10.4,65.0,1.0,6.93
509,Loikaw,MM,19.67,97.21,1546911096,62.85,100.0,92.0,3.13
510,Sudogda,RU,55.95,40.86,1546911096,12.09,86.0,76.0,11.41
511,Simao,CN,22.76,100.79,1546911096,56.91,100.0,92.0,2.91
512,Fort Nelson,CA,58.81,-122.69,1546909200,-13.01,83.0,40.0,4.7
513,Khorixas,NA,-20.37,14.96,1546911097,54.16,69.0,0.0,2.68
514,Berlevag,NO,70.86,29.09,1546911097,23.52,100.0,12.0,6.6
515,Pangai,TO,-19.8,-174.35,1546909200,84.2,94.0,75.0,2.24
516,Campbell,US,37.29,-121.95,1546908960,62.6,66.0,90.0,8.05
517,Itupiranga,BR,-5.13,-49.33,1546909200,77.0,88.0,75.0,3.36
518,Candolim,IN,15.52,73.76,1546909200,75.2,73.0,0.0,4.7
519,Freeport,BS,26.54,-78.7,1546905600,68.0,77.0,40.0,6.93
520,Baculin,PH,7.45,126.58,1546911099,80.8,83.0,0.0,15.32
521,The Valley,AI,18.22,-63.06,1546909200,77.0,65.0,20.0,11.41
522,Belmonte,PT,40.36,-7.35,1546911099,26.71,70.0,0.0,5.93
523,Raudeberg,NO,61.99,5.14,1546908600,41.0,65.0,64.0,19.46
524,Moose Factory,CA,51.26,-80.61,1546910220,15.8,85.0,90.0,17.22
525,Palmer,US,61.6,-149.11,1546909080,6.08,82.0,90.0,5.82
526,Hakui,JP,36.89,136.78,1546909200,46.4,65.0,75.0,9.17
527,Beneditinos,BR,-5.46,-42.36,1546909200,80.6,88.0,75.0,3.36
528,Ketchikan,US,55.34,-131.65,1546908960,33.08,68.0,90.0,4.7
529,Burns Lake,CA,54.23,-125.76,1546911102,11.19,70.0,0.0,2.68
530,Ilulissat,GL,69.22,-51.1,1546908600,15.8,78.0,68.0,8.05
531,Lovrenc na Pohorju,SI,46.54,15.39,1546910400,26.6,92.0,75.0,1.12
532,Goderich,CA,43.74,-81.71,1546911103,45.21,93.0,92.0,30.31
533,Luanda,AO,-8.83,13.24,1546905600,80.6,83.0,75.0,5.82
534,Mali,CN,27.53,102.2,1546911103,45.21,82.0,92.0,1.9
535,Quang Ngai,VN,15.12,108.8,1546911008,70.41,100.0,92.0,3.13
536,Yashkul,RU,46.17,45.34,1546911104,17.04,81.0,92.0,5.7
537,Sioux Lookout,CA,50.1,-91.92,1546909200,30.2,92.0,90.0,8.05
538,Bathsheba,BB,13.22,-59.52,1546909200,77.0,78.0,20.0,16.11
539,Tagusao,PH,9.19,117.81,1546911105,82.83,81.0,36.0,8.95
540,Dutlwe,BW,-23.98,23.93,1546911105,68.56,73.0,0.0,11.41
541,Shimoda,JP,34.7,138.93,1546909200,51.8,57.0,75.0,6.93
542,Vila Velha,BR,-3.71,-38.6,1546909200,78.8,88.0,20.0,3.36
543,Tsiroanomandidy,MG,-18.77,46.05,1546911106,66.58,98.0,80.0,3.36
544,Farafangana,MG,-22.82,47.83,1546911106,76.21,100.0,80.0,5.48
545,Marolambo,MG,-20.05,48.13,1546911107,65.55,91.0,36.0,2.35
546,Urdoma,RU,61.74,48.55,1546911107,25.05,87.0,88.0,8.95
547,Waddan,LY,29.16,16.14,1546911107,31.44,74.0,80.0,2.68
548,Najran,SA,17.54,44.22,1546905600,60.8,36.0,0.0,4.7
549,Gushi,CN,32.17,115.65,1546911108,38.05,100.0,92.0,7.49
550,Xuddur,SO,4.12,43.89,1546911108,69.06,75.0,32.0,12.97
551,Samarai,PG,-10.62,150.67,1546910368,81.24,100.0,68.0,19.84
552,Badnawar,IN,23.02,75.23,1546905600,48.2,76.0,0.0,2.24
553,Bakchar,RU,57.02,82.07,1546911109,12.81,77.0,68.0,8.95
554,Tamandare,BR,-8.28,-70.75,1546911109,75.09,94.0,68.0,2.24
555,Baruun-Urt,MN,46.68,113.28,1546911109,-2.32,54.0,0.0,13.2
556,Dongying,CN,37.43,118.67,1546911110,31.66,48.0,12.0,14.99
